covariaties,values
black,0.045829431923676466
colored,0.0007590548214952802
indian,0.0018475036076870685
female,0.1589623553603344
medium_risk,0.0
offer4,0.7926016542868067
